{"name":"As user I want to login to the TSA.gov application","id":"login-into-tsa.gov;as-user-i-want-to-login-to-the-tsa.gov-application","testSteps":[{"number":1,"description":"Given the user opens the TSA.gov application","duration":7774,"startTime":"2020-02-21T13:26:57.451-05:00[America/New_York]","screenshots":[{"screenshot":"9866eb8787dc384de5e1801f96b7536b757d565805cef97dd2dde509bddfc2e6.png","timeStamp":1582309625225}],"result":"SUCCESS","precondition":false,"level":0,"children":[{"number":2,"description":"Navigate to TSAGOV","duration":7494,"startTime":"2020-02-21T13:26:57.728-05:00[America/New_York]","screenshots":[{"screenshot":"9866eb8787dc384de5e1801f96b7536b757d565805cef97dd2dde509bddfc2e6.png","timeStamp":1582309625222}],"result":"SUCCESS","precondition":false,"level":1}]},{"number":3,"description":"When user logs into application using credentials","duration":5957,"startTime":"2020-02-21T13:27:05.226-05:00[America/New_York]","screenshots":[{"screenshot":"d54413ed4991ec992848979d777f293ccd742dfcdf165f8622aa77af726e5c3d.png","timeStamp":1582309631183}],"result":"SUCCESS","precondition":false,"level":0,"children":[{"number":4,"description":"Enter username: moinpreet.sethi@associates.tsa.dhs.gov","duration":496,"startTime":"2020-02-21T13:27:05.230-05:00[America/New_York]","screenshots":[{"screenshot":"6a1ab44eefc16d178789dae085e3b0ba8f3d75445930b651781c87ae8097e95f.png","timeStamp":1582309625726}],"result":"SUCCESS","precondition":false,"level":1},{"number":5,"description":"Enter password: password1","duration":463,"startTime":"2020-02-21T13:27:05.742-05:00[America/New_York]","screenshots":[{"screenshot":"6a1ab44eefc16d178789dae085e3b0ba8f3d75445930b651781c87ae8097e95f.png","timeStamp":1582309625742},{"screenshot":"b824bf499e0339da6b77f36e4d7dd168a578ffd78c48f4fdd540604a06a575ad.png","timeStamp":1582309626203},{"screenshot":"b824bf499e0339da6b77f36e4d7dd168a578ffd78c48f4fdd540604a06a575ad.png","timeStamp":1582309626205}],"result":"SUCCESS","precondition":false,"level":1},{"number":6,"description":"Login","duration":4977,"startTime":"2020-02-21T13:27:06.205-05:00[America/New_York]","screenshots":[{"screenshot":"b824bf499e0339da6b77f36e4d7dd168a578ffd78c48f4fdd540604a06a575ad.png","timeStamp":1582309626205},{"screenshot":"d54413ed4991ec992848979d777f293ccd742dfcdf165f8622aa77af726e5c3d.png","timeStamp":1582309629883},{"screenshot":"d54413ed4991ec992848979d777f293ccd742dfcdf165f8622aa77af726e5c3d.png","timeStamp":1582309631182}],"result":"SUCCESS","precondition":false,"level":1}]},{"number":7,"description":"Then user would see the membership information","duration":405,"startTime":"2020-02-21T13:27:11.184-05:00[America/New_York]","screenshots":[{"screenshot":"d54413ed4991ec992848979d777f293ccd742dfcdf165f8622aa77af726e5c3d.png","timeStamp":1582309631589}],"result":"SUCCESS","precondition":false,"level":0,"children":[{"number":8,"description":"Verify member text","duration":38,"startTime":"2020-02-21T13:27:11.185-05:00[America/New_York]","screenshots":[{"screenshot":"d54413ed4991ec992848979d777f293ccd742dfcdf165f8622aa77af726e5c3d.png","timeStamp":1582309631223}],"result":"SUCCESS","precondition":false,"level":1}]}],"userStory":{"id":"login-into-tsa.gov","storyName":"login into TSA.gov","path":"src/test/resources/TSAGOVFeatures/TSAGOVBasePage.feature","type":"feature"},"featureTag":{"name":"TSAGOV features/login into TSA.gov","type":"feature","displayName":"TSAGOV features/login into TSA.gov"},"title":"As user I want to login to the TSA.gov application","startTime":"2020-02-21T13:26:57.404-05:00[America/New_York]","duration":14185,"projectKey":"","sessionId":"ed7f37d9575709d4c074e8997e19a211","driver":"chrome","isManualTestingUpToDate":false,"manual":false,"testSource":"Cucumber","result":"SUCCESS"}